{"cameraMode":{"drawMode":0,"name":"Shaded","section":"Shading Mode"},"sceneLighting":true,"audioPlay":false,"sceneViewState":{"showFog":true,"showMaterialUpdate":false,"showSkybox":true,"showFlares":true,"showImageEffects":true,"showParticleSystems":true},"in2DMode":false,"pivot":{"x":478.05810546875,"y":546.8204956054688,"z":-59.50623321533203},"rotation":{"x":0.17845720052719117,"y":0.09723266959190369,"z":-0.01772373728454113,"w":0.9789754152297974},"size":37.15993118286133,"orthographic":false}