{"cameraMode":{"drawMode":0,"name":"Shaded","section":"Shading Mode"},"sceneLighting":false,"audioPlay":false,"sceneViewState":{"showFog":true,"showMaterialUpdate":false,"showSkybox":false,"showFlares":true,"showImageEffects":true,"showParticleSystems":true},"in2DMode":false,"pivot":{"x":5.9225239753723148,"y":-0.7638368010520935,"z":31.16611671447754},"rotation":{"x":0.1006147488951683,"y":-0.6353564858436585,"z":0.08303948491811753,"w":0.7613257169723511},"size":0.19712767004966737,"orthographic":false}