{"cameraMode":{"drawMode":0,"name":"Shaded","section":"Shading Mode"},"sceneLighting":true,"audioPlay":false,"sceneViewState":{"showFog":true,"showMaterialUpdate":false,"showSkybox":true,"showFlares":true,"showImageEffects":true,"showParticleSystems":true},"in2DMode":false,"pivot":{"x":-3.120480537414551,"y":2.2621452808380129,"z":14.349841117858887},"rotation":{"x":-0.15991052985191346,"y":0.37588995695114138,"z":-0.06729163974523545,"w":-0.9106898903846741},"size":14.332996368408204,"orthographic":false}