{"cameraMode":{"drawMode":0,"name":"Shaded","section":"Shading Mode"},"sceneLighting":false,"audioPlay":false,"sceneViewState":{"showFog":true,"showMaterialUpdate":false,"showSkybox":false,"showFlares":true,"showImageEffects":true,"showParticleSystems":true},"in2DMode":false,"pivot":{"x":3.7750000953674318,"y":0.5,"z":24.214000701904298},"rotation":{"x":-0.08161361515522003,"y":0.7246490716934204,"z":-0.08598225563764572,"w":-0.6790739893913269},"size":0.6569052338600159,"orthographic":false}