{"cameraMode":{"drawMode":0,"name":"Shaded","section":"Shading Mode"},"sceneLighting":false,"audioPlay":false,"sceneViewState":{"showFog":true,"showMaterialUpdate":false,"showSkybox":false,"showFlares":true,"showImageEffects":true,"showParticleSystems":true},"in2DMode":false,"pivot":{"x":0.0036238431930541994,"y":2.185999870300293,"z":-0.009998321533203125},"rotation":{"x":-0.05577409639954567,"y":0.7597593069076538,"z":-0.06509550660848618,"w":-0.6449136137962341},"size":0.7172367572784424,"orthographic":false}