{"cameraMode":{"drawMode":0,"name":"Shaded","section":"Shading Mode"},"sceneLighting":true,"audioPlay":false,"sceneViewState":{"showFog":true,"showMaterialUpdate":false,"showSkybox":true,"showFlares":true,"showImageEffects":true,"showParticleSystems":true},"in2DMode":false,"pivot":{"x":13.4429349899292,"y":1.540809154510498,"z":25.27939224243164},"rotation":{"x":0.17676874995231629,"y":-0.7407155632972717,"z":-0.21461443603038789,"w":-0.6119476556777954},"size":0.9775808453559876,"orthographic":false}