{"cameraMode":{"drawMode":0,"name":"Shaded","section":"Shading Mode"},"sceneLighting":true,"audioPlay":false,"sceneViewState":{"showFog":true,"showMaterialUpdate":false,"showSkybox":true,"showFlares":true,"showImageEffects":true,"showParticleSystems":true},"in2DMode":false,"pivot":{"x":-1370.8419189453125,"y":-227.18992614746095,"z":-570.0288696289063},"rotation":{"x":-0.04126378893852234,"y":0.8323560357093811,"z":-0.06254436075687409,"w":-0.5491529107093811},"size":761.920654296875,"orthographic":false}