{"cameraMode":{"drawMode":0,"name":"Shaded","section":"Shading Mode"},"sceneLighting":false,"audioPlay":false,"sceneViewState":{"showFog":true,"showMaterialUpdate":false,"showSkybox":false,"showFlares":true,"showImageEffects":true,"showParticleSystems":true},"in2DMode":false,"pivot":{"x":-1.6132997274398804,"y":1.114342212677002,"z":-5.3561272621154789},"rotation":{"x":0.0015437928959727288,"y":-0.9978654980659485,"z":0.033277302980422977,"w":0.05927950516343117},"size":1.6437630653381348,"orthographic":false}